TrID,TrayNotes,TrayTypeName,Position,PlantID,PlantName,PlantNotes
Pr#2013-0012_Exp#0001_Ath_Tr#00001,0,standard,A1,2396,33:150x37_R1,0
Pr#2013-0012_Exp#0001_Ath_Tr#00001,0,standard,A2,2411,38:119x60_R1,0
Pr#2013-0012_Exp#0001_Ath_Tr#00001,0,standard,A3,2444,49:187x69_R1,0
Pr#2013-0012_Exp#0001_Ath_Tr#00001,0,standard,A4,2558,87:135x142_R1,0
Pr#2013-0012_Exp#0001_Ath_Tr#00001,0,standard,A5,2423,42:166x25_R1,0
Pr#2013-0012_Exp#0001_Ath_Tr#00001,0,standard,B1,2336,13:112x30_R1,0
Pr#2013-0012_Exp#0001_Ath_Tr#00001,0,standard,B2,2429,44:17x21_R1,0
Pr#2013-0012_Exp#0001_Ath_Tr#00001,0,standard,B3,2372,25:136x102_R1,0
Pr#2013-0012_Exp#0001_Ath_Tr#00001,0,standard,B4,2375,26:165x137_R1,0
Pr#2013-0012_Exp#0001_Ath_Tr#00001,0,standard,B5,2540,81:lerxcvi_R1,0
Pr#2013-0012_Exp#0001_Ath_Tr#00001,0,standard,C1,2471,58:26x74_R1,0
Pr#2013-0012_Exp#0001_Ath_Tr#00001,0,standard,C2,2315,6:LL-1_R1,0
Pr#2013-0012_Exp#0001_Ath_Tr#00001,0,standard,C3,2474,59:33x58_R1,0
Pr#2013-0012_Exp#0001_Ath_Tr#00001,0,standard,C4,2432,45:171x143_R1,0
Pr#2013-0012_Exp#0001_Ath_Tr#00001,0,standard,C5,2303,2:cvi self_R1,0
Pr#2013-0012_Exp#0001_Ath_Tr#00001,0,standard,D1,2417,40:16x66_R1,0
Pr#2013-0012_Exp#0001_Ath_Tr#00001,0,standard,D2,2321,8:107x121_R1,0
Pr#2013-0012_Exp#0001_Ath_Tr#00001,0,standard,D3,2387,30:147x50_R1,0
Pr#2013-0012_Exp#0001_Ath_Tr#00001,0,standard,D4,2312,5:101x176_R1,0
Pr#2013-0012_Exp#0001_Ath_Tr#00001,0,standard,D5,2351,18:122x42_R1,0
Pr#2013-0012_Exp#0001_Ath_Tr#00002,0,standard,A1,2513,72:55x18_R1,0
Pr#2013-0012_Exp#0001_Ath_Tr#00002,0,standard,A2,2564,89:Spare2_R1,0
Pr#2013-0012_Exp#0001_Ath_Tr#00002,0,standard,A3,2453,52:190x176_R1,0
Pr#2013-0012_Exp#0001_Ath_Tr#00002,0,standard,A4,2360,21:129x132_R1,0
Pr#2013-0012_Exp#0001_Ath_Tr#00002,0,standard,A5,2519,74:6x131_R1,0
Pr#2013-0012_Exp#0001_Ath_Tr#00002,0,standard,B1,2498,67:5x172_R1,0
Pr#2013-0012_Exp#0001_Ath_Tr#00002,0,standard,B2,2402,35:153x108_R1,0
Pr#2013-0012_Exp#0001_Ath_Tr#00002,0,standard,B3,2456,53:191x31_R1,0
Pr#2013-0012_Exp#0001_Ath_Tr#00002,0,standard,B4,2405,36:153x20_R1,0
Pr#2013-0012_Exp#0001_Ath_Tr#00002,0,standard,B5,2408,37:156x106_R1,0
Pr#2013-0012_Exp#0001_Ath_Tr#00002,0,standard,C1,2306,3:1x146_R1,0
Pr#2013-0012_Exp#0001_Ath_Tr#00002,0,standard,C2,2366,23:134x29_R1,0
Pr#2013-0012_Exp#0001_Ath_Tr#00002,0,standard,C3,2543,82:npq1_R1,0
Pr#2013-0012_Exp#0001_Ath_Tr#00002,0,standard,C4,2465,56:24x171_R1,0
Pr#2013-0012_Exp#0001_Ath_Tr#00002,0,standard,C5,2522,75:61x162_R1,0
Pr#2013-0012_Exp#0001_Ath_Tr#00002,0,standard,D1,2483,62:44x50_R1,0
Pr#2013-0012_Exp#0001_Ath_Tr#00002,0,standard,D2,2450,51:19x67_R1,0
Pr#2013-0012_Exp#0001_Ath_Tr#00002,0,standard,D3,2333,12:110x32_R1,0
Pr#2013-0012_Exp#0001_Ath_Tr#00002,0,standard,D4,2414,39:16x4_R1,0
Pr#2013-0012_Exp#0001_Ath_Tr#00002,0,standard,D5,2537,80:cvixler_R1,0
Pr#2013-0012_Exp#0001_Ath_Tr#00003,0,standard,A1,2561,88:Spare1_R1,0
Pr#2013-0012_Exp#0001_Ath_Tr#00003,0,standard,A2,2534,79:ler_R1,0
Pr#2013-0012_Exp#0001_Ath_Tr#00003,0,standard,A3,2357,20:128x6_R1,0
Pr#2013-0012_Exp#0001_Ath_Tr#00003,0,standard,A4,2348,17:12x142_R1,0
Pr#2013-0012_Exp#0001_Ath_Tr#00003,0,standard,A5,2318,7:145x105_R1,0
Pr#2013-0012_Exp#0001_Ath_Tr#00003,0,standard,B1,2319,7:145x105_R2,0
Pr#2013-0012_Exp#0001_Ath_Tr#00003,0,standard,B2,2406,36:153x20_R2,0
Pr#2013-0012_Exp#0001_Ath_Tr#00003,0,standard,B3,2484,62:44x50_R2,0
Pr#2013-0012_Exp#0001_Ath_Tr#00003,0,standard,B4,2325,9:18x109_R2,0
Pr#2013-0012_Exp#0001_Ath_Tr#00003,0,standard,B5,2322,8:107x121_R2,0
Pr#2013-0012_Exp#0001_Ath_Tr#00003,0,standard,C1,2370,24:135x10_R2,0
Pr#2013-0012_Exp#0001_Ath_Tr#00003,0,standard,C2,2472,58:26x74_R2,0
Pr#2013-0012_Exp#0001_Ath_Tr#00003,0,standard,C3,2382,28:14x4_R2,0
Pr#2013-0012_Exp#0001_Ath_Tr#00003,0,standard,C4,2442,48:186x27_R2,0
Pr#2013-0012_Exp#0001_Ath_Tr#00003,0,standard,C5,2559,87:135x142_R2,0
Pr#2013-0012_Exp#0001_Ath_Tr#00003,0,standard,D1,2430,44:17x21_R2,0
Pr#2013-0012_Exp#0001_Ath_Tr#00003,0,standard,D2,2373,25:136x102_R2,0
Pr#2013-0012_Exp#0001_Ath_Tr#00003,0,standard,D3,2511,71:54x183_R2,0
Pr#2013-0012_Exp#0001_Ath_Tr#00003,0,standard,D4,2409,37:156x106_R2,0
Pr#2013-0012_Exp#0001_Ath_Tr#00003,0,standard,D5,2505,69:51x111_R2,0
Pr#2013-0012_Exp#0001_Ath_Tr#00004,0,standard,A1,2445,49:187x69_R2,0
Pr#2013-0012_Exp#0001_Ath_Tr#00004,0,standard,A2,2439,47:180x157_R2,0
Pr#2013-0012_Exp#0001_Ath_Tr#00004,0,standard,A3,2433,45:171x143_R2,0
Pr#2013-0012_Exp#0001_Ath_Tr#00004,0,standard,A4,2565,89:Spare2_R2,0
Pr#2013-0012_Exp#0001_Ath_Tr#00004,0,standard,A5,2343,15:118x108_R2,0
Pr#2013-0012_Exp#0001_Ath_Tr#00004,0,standard,B1,2550,84:pgr5_R2,0
Pr#2013-0012_Exp#0001_Ath_Tr#00004,0,standard,B2,2568,90:Spare3_R2,0
Pr#2013-0012_Exp#0001_Ath_Tr#00004,0,standard,B3,2523,75:61x162_R2,0
Pr#2013-0012_Exp#0001_Ath_Tr#00004,0,standard,B4,2469,57:15x9_R2,0
Pr#2013-0012_Exp#0001_Ath_Tr#00004,0,standard,B5,2355,0,0
Pr#2013-0012_Exp#0001_Ath_Tr#00004,0,standard,C1,2463,55:20x138_R2,0
Pr#2013-0012_Exp#0001_Ath_Tr#00004,0,standard,C2,2331,11:114x3_R2,0
Pr#2013-0012_Exp#0001_Ath_Tr#00004,0,standard,C3,2556,86:Cvi-1_R2,0
Pr#2013-0012_Exp#0001_Ath_Tr#00004,0,standard,C4,2460,54:192x189_R2,0
Pr#2013-0012_Exp#0001_Ath_Tr#00004,0,standard,C5,2475,59:33x58_R2,0
Pr#2013-0012_Exp#0001_Ath_Tr#00004,0,standard,D1,2313,5:101x176_R2,0
Pr#2013-0012_Exp#0001_Ath_Tr#00004,0,standard,D2,2490,64:46x29_R2,0
Pr#2013-0012_Exp#0001_Ath_Tr#00004,0,standard,D3,2412,38:119x60_R2,0
Pr#2013-0012_Exp#0001_Ath_Tr#00004,0,standard,D4,2496,66:49x158_R2,0
Pr#2013-0012_Exp#0001_Ath_Tr#00004,0,standard,D5,2526,76:63x151_R2,0
Pr#2013-0012_Exp#0001_Ath_Tr#00005,0,standard,A1,2436,46:174x34_R2,0
Pr#2013-0012_Exp#0001_Ath_Tr#00005,0,standard,A2,2424,42:166x25_R2,0
Pr#2013-0012_Exp#0001_Ath_Tr#00005,0,standard,A3,2427,43:168x22_R2,0
Pr#2013-0012_Exp#0001_Ath_Tr#00005,0,standard,A4,2454,52:190x176_R2,0
Pr#2013-0012_Exp#0001_Ath_Tr#00005,0,standard,A5,2514,72:55x18_R2,0
Pr#2013-0012_Exp#0001_Ath_Tr#00005,0,standard,B1,2400,34:152x42_R2,0
Pr#2013-0012_Exp#0001_Ath_Tr#00005,0,standard,B2,2328,10:109x48_R2,0
Pr#2013-0012_Exp#0001_Ath_Tr#00005,0,standard,B3,2532,78:ler self_R2,0
Pr#2013-0012_Exp#0001_Ath_Tr#00005,0,standard,B4,2307,3:1x146_R2,0
Pr#2013-0012_Exp#0001_Ath_Tr#00005,0,standard,B5,2385,29:146x64_R2,0
Pr#2013-0012_Exp#0001_Ath_Tr#00005,0,standard,C1,2389,30:147x50_R3,0
Pr#2013-0012_Exp#0001_Ath_Tr#00005,0,standard,C2,2524,75:61x162_R3,0
Pr#2013-0012_Exp#0001_Ath_Tr#00005,0,standard,C3,2509,70:51x18_R3,0
Pr#2013-0012_Exp#0001_Ath_Tr#00005,0,standard,C4,2380,27:139x36_R3,0
Pr#2013-0012_Exp#0001_Ath_Tr#00005,0,standard,C5,2473,58:26x74_R3,0
Pr#2013-0012_Exp#0001_Ath_Tr#00005,0,standard,D1,2560,87:135x142_R3,0
Pr#2013-0012_Exp#0001_Ath_Tr#00005,0,standard,D2,2488,63:45x23_R3,0
Pr#2013-0012_Exp#0001_Ath_Tr#00005,0,standard,D3,2470,57:15x9_R3,0
Pr#2013-0012_Exp#0001_Ath_Tr#00005,0,standard,D4,2374,25:136x102_R3,0
Pr#2013-0012_Exp#0001_Ath_Tr#00005,0,standard,D5,2428,43:168x22_R3,0
Pr#2013-0012_Exp#0001_Ath_Tr#00006,0,standard,A1,2461,54:192x189_R3,0
Pr#2013-0012_Exp#0001_Ath_Tr#00006,0,standard,A2,2359,20:128x6_R3,0
Pr#2013-0012_Exp#0001_Ath_Tr#00006,0,standard,A3,2431,44:17x21_R3,0
Pr#2013-0012_Exp#0001_Ath_Tr#00006,0,standard,A4,2479,60:38x35_R3,0
Pr#2013-0012_Exp#0001_Ath_Tr#00006,0,standard,A5,2503,68:5x188_R3,0
Pr#2013-0012_Exp#0001_Ath_Tr#00006,0,standard,B1,2311,4:10x26_R3,0
Pr#2013-0012_Exp#0001_Ath_Tr#00006,0,standard,B2,2416,39:16x4_R3,0
Pr#2013-0012_Exp#0001_Ath_Tr#00006,0,standard,B3,2521,74:6x131_R3,0
Pr#2013-0012_Exp#0001_Ath_Tr#00006,0,standard,B4,2557,86:Cvi-1_R3,0
Pr#2013-0012_Exp#0001_Ath_Tr#00006,0,standard,B5,2347,16:118x164_R3,0
Pr#2013-0012_Exp#0001_Ath_Tr#00006,0,standard,C1,2305,2:cvi self_R3,0
Pr#2013-0012_Exp#0001_Ath_Tr#00006,0,standard,C2,2344,15:118x108_R3,0
Pr#2013-0012_Exp#0001_Ath_Tr#00006,0,standard,C3,2332,11:114x3_R3,0
Pr#2013-0012_Exp#0001_Ath_Tr#00006,0,standard,C4,2515,72:55x18_R3,0
Pr#2013-0012_Exp#0001_Ath_Tr#00006,0,standard,C5,2335,12:110x32_R3,0
Pr#2013-0012_Exp#0001_Ath_Tr#00006,0,standard,D1,2512,71:54x183_R3,0
Pr#2013-0012_Exp#0001_Ath_Tr#00006,0,standard,D2,2494,65:48x160_R3,0
Pr#2013-0012_Exp#0001_Ath_Tr#00006,0,standard,D3,2467,56:24x171_R3,0
Pr#2013-0012_Exp#0001_Ath_Tr#00006,0,standard,D4,2302,1:Col-0_R3,0
Pr#2013-0012_Exp#0001_Ath_Tr#00006,0,standard,D5,2497,66:49x158_R3,0
Pr#2013-0012_Exp#0001_Ath_Tr#00007,0,standard,A1,2365,22:133x35_R3,0
Pr#2013-0012_Exp#0001_Ath_Tr#00007,0,standard,A2,2554,85:Stn8-1_R3,0
Pr#2013-0012_Exp#0001_Ath_Tr#00007,0,standard,A3,2386,29:146x64_R3,0
Pr#2013-0012_Exp#0001_Ath_Tr#00007,0,standard,A4,2320,7:145x105_R3,0
Pr#2013-0012_Exp#0001_Ath_Tr#00007,0,standard,A5,2314,5:101x176_R3,0
Pr#2013-0012_Exp#0001_Ath_Tr#00007,0,standard,B1,2452,51:19x67_R3,0
Pr#2013-0012_Exp#0001_Ath_Tr#00007,0,standard,B2,2464,55:20x138_R3,0
Pr#2013-0012_Exp#0001_Ath_Tr#00007,0,standard,B3,2398,33:150x37_R3,0
Pr#2013-0012_Exp#0001_Ath_Tr#00007,0,standard,B4,2530,77:8x61_R3,0
Pr#2013-0012_Exp#0001_Ath_Tr#00007,0,standard,B5,2545,82:npq1_R3,0
Pr#2013-0012_Exp#0001_Ath_Tr#00007,0,standard,C1,2407,36:153x20_R3,0
Pr#2013-0012_Exp#0001_Ath_Tr#00007,0,standard,C2,2443,48:186x27_R3,0
Pr#2013-0012_Exp#0001_Ath_Tr#00007,0,standard,C3,2563,88:Spare1_R3,0
Pr#2013-0012_Exp#0001_Ath_Tr#00007,0,standard,C4,2368,23:134x29_R3,0
Pr#2013-0012_Exp#0001_Ath_Tr#00007,0,standard,C5,2518,73:59x116_R3,0
Pr#2013-0012_Exp#0001_Ath_Tr#00008,0,standard,A1,2327,10:109x48_R1,0
Pr#2013-0012_Exp#0001_Ath_Tr#00008,0,standard,A2,2492,65:48x160_R1,0
Pr#2013-0012_Exp#0001_Ath_Tr#00008,0,standard,A3,2477,60:38x35_R1,0
Pr#2013-0012_Exp#0001_Ath_Tr#00008,0,standard,A4,2393,32:149x165_R1,0
Pr#2013-0012_Exp#0001_Ath_Tr#00008,0,standard,A5,2516,73:59x116_R1,0
Pr#2013-0012_Exp#0001_Ath_Tr#00008,0,standard,B1,2345,16:118x164_R1,0
Pr#2013-0012_Exp#0001_Ath_Tr#00008,0,standard,B2,2363,22:133x35_R1,0
Pr#2013-0012_Exp#0001_Ath_Tr#00008,0,standard,B3,2381,28:14x4_R1,0
Pr#2013-0012_Exp#0001_Ath_Tr#00008,0,standard,B4,2441,48:186x27_R1,0
Pr#2013-0012_Exp#0001_Ath_Tr#00008,0,standard,B5,2507,70:51x18_R1,0
Pr#2013-0012_Exp#0001_Ath_Tr#00008,0,standard,C1,2552,85:Stn8-1_R1,0
Pr#2013-0012_Exp#0001_Ath_Tr#00008,0,standard,C2,2468,57:15x9_R1,0
Pr#2013-0012_Exp#0001_Ath_Tr#00008,0,standard,C3,2480,61:39x27_R1,0
Pr#2013-0012_Exp#0001_Ath_Tr#00008,0,standard,C4,2528,77:8x61_R1,0
Pr#2013-0012_Exp#0001_Ath_Tr#00008,0,standard,C5,2486,63:45x23_R1,0
Pr#2013-0012_Exp#0001_Ath_Tr#00008,0,standard,D1,2531,78:ler self_R1,0
Pr#2013-0012_Exp#0001_Ath_Tr#00008,0,standard,D2,2300,1:Col-0_R1,0
Pr#2013-0012_Exp#0001_Ath_Tr#00008,0,standard,D3,2546,83:npq4_R1,0
Pr#2013-0012_Exp#0001_Ath_Tr#00008,0,standard,D4,2330,11:114x3_R1,0
Pr#2013-0012_Exp#0001_Ath_Tr#00008,0,standard,D5,2567,90:Spare3_R1,0
Pr#2013-0012_Exp#0001_Ath_Tr#00009,0,standard,A1,2339,14:115x12_R1,0
Pr#2013-0012_Exp#0001_Ath_Tr#00009,0,standard,A2,2501,68:5x188_R1,0
Pr#2013-0012_Exp#0001_Ath_Tr#00009,0,standard,A3,2462,55:20x138_R1,0
Pr#2013-0012_Exp#0001_Ath_Tr#00009,0,standard,A4,2354,19:125x117_R1,0
Pr#2013-0012_Exp#0001_Ath_Tr#00009,0,standard,A5,2510,71:54x183_R1,0
Pr#2013-0012_Exp#0001_Ath_Tr#00009,0,standard,B1,2342,15:118x108_R1,0
Pr#2013-0012_Exp#0001_Ath_Tr#00009,0,standard,B2,2555,86:Cvi-1_R1,0
Pr#2013-0012_Exp#0001_Ath_Tr#00009,0,standard,B3,2495,66:49x158_R1,0
Pr#2013-0012_Exp#0001_Ath_Tr#00009,0,standard,B4,2420,41:16x7_R1,0
Pr#2013-0012_Exp#0001_Ath_Tr#00009,0,standard,B5,2399,34:152x42_R1,0
Pr#2013-0012_Exp#0001_Ath_Tr#00009,0,standard,C1,2369,24:135x10_R1,0
Pr#2013-0012_Exp#0001_Ath_Tr#00009,0,standard,C2,2489,64:46x29_R1,0
Pr#2013-0012_Exp#0001_Ath_Tr#00009,0,standard,C3,2447,50:19x173_R1,0
Pr#2013-0012_Exp#0001_Ath_Tr#00009,0,standard,C4,2309,4:10x26_R1,0
Pr#2013-0012_Exp#0001_Ath_Tr#00009,0,standard,C5,2525,76:63x151_R1,0
Pr#2013-0012_Exp#0001_Ath_Tr#00009,0,standard,D1,2378,27:139x36_R1,0
Pr#2013-0012_Exp#0001_Ath_Tr#00009,0,standard,D2,2435,46:174x34_R1,0
Pr#2013-0012_Exp#0001_Ath_Tr#00009,0,standard,D3,2384,29:146x64_R1,0
Pr#2013-0012_Exp#0001_Ath_Tr#00009,0,standard,D4,2549,84:pgr5_R1,0
Pr#2013-0012_Exp#0001_Ath_Tr#00009,0,standard,D5,2324,9:18x109_R1,0
Pr#2013-0012_Exp#0001_Ath_Tr#00010,0,standard,A1,2459,54:192x189_R1,0
Pr#2013-0012_Exp#0001_Ath_Tr#00010,0,standard,A2,2504,69:51x111_R1,0
Pr#2013-0012_Exp#0001_Ath_Tr#00010,0,standard,A3,2438,47:180x157_R1,0
Pr#2013-0012_Exp#0001_Ath_Tr#00010,0,standard,A4,2426,43:168x22_R1,0
Pr#2013-0012_Exp#0001_Ath_Tr#00010,0,standard,A5,2390,31:147x69_R1,0
Pr#2013-0012_Exp#0001_Ath_Tr#00010,0,standard,B1,2481,61:39x27_R2,0
Pr#2013-0012_Exp#0001_Ath_Tr#00010,0,standard,B2,2508,70:51x18_R2,0
Pr#2013-0012_Exp#0001_Ath_Tr#00010,0,standard,B3,2544,82:npq1_R2,0
Pr#2013-0012_Exp#0001_Ath_Tr#00010,0,standard,B4,2340,14:115x12_R2,0
Pr#2013-0012_Exp#0001_Ath_Tr#00010,0,standard,B5,2493,65:48x160_R2,0
Pr#2013-0012_Exp#0001_Ath_Tr#00010,0,standard,C1,2301,1:Col-0_R2,0
Pr#2013-0012_Exp#0001_Ath_Tr#00010,0,standard,C2,2334,12:110x32_R2,0
Pr#2013-0012_Exp#0001_Ath_Tr#00010,0,standard,C3,2520,74:6x131_R2,0
Pr#2013-0012_Exp#0001_Ath_Tr#00010,0,standard,C4,2391,31:147x69_R2,0
Pr#2013-0012_Exp#0001_Ath_Tr#00010,0,standard,C5,2403,35:153x108_R2,0
Pr#2013-0012_Exp#0001_Ath_Tr#00010,0,standard,D1,2421,41:16x7_R2,0
Pr#2013-0012_Exp#0001_Ath_Tr#00010,0,standard,D2,2553,85:Stn8-1_R2,0
Pr#2013-0012_Exp#0001_Ath_Tr#00010,0,standard,D3,2418,40:16x66_R2,0
Pr#2013-0012_Exp#0001_Ath_Tr#00010,0,standard,D4,2415,39:16x4_R2,0
Pr#2013-0012_Exp#0001_Ath_Tr#00010,0,standard,D5,2448,50:19x173_R2,0
Pr#2013-0012_Exp#0001_Ath_Tr#00011,0,standard,A1,2466,56:24x171_R2,0
Pr#2013-0012_Exp#0001_Ath_Tr#00011,0,standard,A2,2352,18:122x42_R2,0
Pr#2013-0012_Exp#0001_Ath_Tr#00011,0,standard,A3,2364,22:133x35_R2,0
Pr#2013-0012_Exp#0001_Ath_Tr#00011,0,standard,A4,2397,33:150x37_R2,0
Pr#2013-0012_Exp#0001_Ath_Tr#00011,0,standard,A5,2529,77:8x61_R2,0
Pr#2013-0012_Exp#0001_Ath_Tr#00011,0,standard,B1,2451,51:19x67_R2,0
Pr#2013-0012_Exp#0001_Ath_Tr#00011,0,standard,B2,2478,60:38x35_R2,0
Pr#2013-0012_Exp#0001_Ath_Tr#00011,0,standard,B3,2349,17:12x142_R2,0
Pr#2013-0012_Exp#0001_Ath_Tr#00011,0,standard,B4,2457,53:191x31_R2,0
Pr#2013-0012_Exp#0001_Ath_Tr#00011,0,standard,B5,2346,16:118x164_R2,0
Pr#2013-0012_Exp#0001_Ath_Tr#00011,0,standard,C1,2517,73:59x116_R2,0
Pr#2013-0012_Exp#0001_Ath_Tr#00011,0,standard,C2,2337,13:112x30_R2,0
Pr#2013-0012_Exp#0001_Ath_Tr#00011,0,standard,C3,2394,32:149x165_R2,0
Pr#2013-0012_Exp#0001_Ath_Tr#00011,0,standard,C4,2367,23:134x29_R2,0
Pr#2013-0012_Exp#0001_Ath_Tr#00011,0,standard,C5,2538,80:cvixler_R2,0
Pr#2013-0012_Exp#0001_Ath_Tr#00011,0,standard,D1,2358,20:128x6_R2,0
Pr#2013-0012_Exp#0001_Ath_Tr#00011,0,standard,D2,2361,21:129x132_R2,0
Pr#2013-0012_Exp#0001_Ath_Tr#00011,0,standard,D3,2379,27:139x36_R2,0
Pr#2013-0012_Exp#0001_Ath_Tr#00011,0,standard,D4,2304,2:cvi self_R2,0
Pr#2013-0012_Exp#0001_Ath_Tr#00011,0,standard,D5,2562,88:Spare1_R2,0
Pr#2013-0012_Exp#0001_Ath_Tr#00012,0,standard,A1,2499,67:5x172_R2,0
Pr#2013-0012_Exp#0001_Ath_Tr#00012,0,standard,A2,2310,4:10x26_R2,0
Pr#2013-0012_Exp#0001_Ath_Tr#00012,0,standard,A3,2316,6:LL-1_R2,0
Pr#2013-0012_Exp#0001_Ath_Tr#00012,0,standard,A4,2547,83:npq4_R2,0
Pr#2013-0012_Exp#0001_Ath_Tr#00012,0,standard,A5,2376,26:165x137_R2,0
Pr#2013-0012_Exp#0001_Ath_Tr#00012,0,standard,B1,2541,81:lerxcvi_R2,0
Pr#2013-0012_Exp#0001_Ath_Tr#00012,0,standard,B2,2535,79:ler_R2,0
Pr#2013-0012_Exp#0001_Ath_Tr#00012,0,standard,B3,2487,63:45x23_R2,0
Pr#2013-0012_Exp#0001_Ath_Tr#00012,0,standard,B4,2502,68:5x188_R2,0
Pr#2013-0012_Exp#0001_Ath_Tr#00012,0,standard,B5,2388,30:147x50_R2,0
Pr#2013-0012_Exp#0001_Ath_Tr#00012,0,standard,C1,2548,83:npq4_R3,0
Pr#2013-0012_Exp#0001_Ath_Tr#00012,0,standard,C2,2395,32:149x165_R3,0
Pr#2013-0012_Exp#0001_Ath_Tr#00012,0,standard,C3,2401,34:152x42_R3,0
Pr#2013-0012_Exp#0001_Ath_Tr#00012,0,standard,C4,2566,89:Spare2_R3,0
Pr#2013-0012_Exp#0001_Ath_Tr#00012,0,standard,C5,2506,69:51x111_R3,0
Pr#2013-0012_Exp#0001_Ath_Tr#00012,0,standard,D1,2539,80:cvixler_R3,0
Pr#2013-0012_Exp#0001_Ath_Tr#00012,0,standard,D2,2500,67:5x172_R3,0
Pr#2013-0012_Exp#0001_Ath_Tr#00012,0,standard,D3,2341,14:115x12_R3,0
Pr#2013-0012_Exp#0001_Ath_Tr#00012,0,standard,D4,2527,76:63x151_R3,0
Pr#2013-0012_Exp#0001_Ath_Tr#00012,0,standard,D5,2440,47:180x157_R3,0
Pr#2013-0012_Exp#0001_Ath_Tr#00013,0,standard,A1,2419,40:16x66_R3,0
Pr#2013-0012_Exp#0001_Ath_Tr#00013,0,standard,A2,2434,45:171x143_R3,0
Pr#2013-0012_Exp#0001_Ath_Tr#00013,0,standard,A3,2569,90:Spare3_R3,0
Pr#2013-0012_Exp#0001_Ath_Tr#00013,0,standard,A4,2404,35:153x108_R3,0
Pr#2013-0012_Exp#0001_Ath_Tr#00013,0,standard,A5,2485,62:44x50_R3,0
Pr#2013-0012_Exp#0001_Ath_Tr#00013,0,standard,B1,2446,49:187x69_R3,0
Pr#2013-0012_Exp#0001_Ath_Tr#00013,0,standard,B2,2323,8:107x121_R3,0
Pr#2013-0012_Exp#0001_Ath_Tr#00013,0,standard,B3,2308,3:1x146_R3,0
Pr#2013-0012_Exp#0001_Ath_Tr#00013,0,standard,B4,2482,61:39x27_R3,0
Pr#2013-0012_Exp#0001_Ath_Tr#00013,0,standard,B5,2362,21:129x132_R3,0
Pr#2013-0012_Exp#0001_Ath_Tr#00013,0,standard,C1,2326,9:18x109_R3,0
Pr#2013-0012_Exp#0001_Ath_Tr#00013,0,standard,C2,2449,50:19x173_R3,0
Pr#2013-0012_Exp#0001_Ath_Tr#00013,0,standard,C3,2413,38:119x60_R3,0
Pr#2013-0012_Exp#0001_Ath_Tr#00013,0,standard,C4,2350,17:12x142_R3,0
Pr#2013-0012_Exp#0001_Ath_Tr#00013,0,standard,C5,2542,81:lerxcvi_R3,0
Pr#2013-0012_Exp#0001_Ath_Tr#00013,0,standard,D1,2536,79:ler_R3,0
Pr#2013-0012_Exp#0001_Ath_Tr#00013,0,standard,D2,2551,84:pgr5_R3,0
Pr#2013-0012_Exp#0001_Ath_Tr#00013,0,standard,D3,2476,59:33x58_R3,0
Pr#2013-0012_Exp#0001_Ath_Tr#00013,0,standard,D4,2338,13:112x30_R3,0
Pr#2013-0012_Exp#0001_Ath_Tr#00013,0,standard,D5,2371,24:135x10_R3,0
Pr#2013-0012_Exp#0001_Ath_Tr#00014,0,standard,A1,2383,28:14x4_R3,0
Pr#2013-0012_Exp#0001_Ath_Tr#00014,0,standard,A2,2455,52:190x176_R3,0
Pr#2013-0012_Exp#0001_Ath_Tr#00014,0,standard,A3,2422,41:16x7_R3,0
Pr#2013-0012_Exp#0001_Ath_Tr#00014,0,standard,A4,2425,42:166x25_R3,0
Pr#2013-0012_Exp#0001_Ath_Tr#00014,0,standard,A5,2458,53:191x31_R3,0
Pr#2013-0012_Exp#0001_Ath_Tr#00014,0,standard,B1,2491,64:46x29_R3,0
Pr#2013-0012_Exp#0001_Ath_Tr#00014,0,standard,B2,2392,31:147x69_R3,0
Pr#2013-0012_Exp#0001_Ath_Tr#00014,0,standard,B3,2377,26:165x137_R3,0
Pr#2013-0012_Exp#0001_Ath_Tr#00014,0,standard,B4,2533,78:ler self_R3,0
Pr#2013-0012_Exp#0001_Ath_Tr#00014,0,standard,B5,2410,37:156x106_R3,0
Pr#2013-0012_Exp#0001_Ath_Tr#00014,0,standard,C1,2356,19:125x117_R3,0
Pr#2013-0012_Exp#0001_Ath_Tr#00014,0,standard,C2,2329,10:109x48_R3,0
Pr#2013-0012_Exp#0001_Ath_Tr#00014,0,standard,C3,2353,18:122x42_R3,0
Pr#2013-0012_Exp#0001_Ath_Tr#00014,0,standard,C4,2437,46:174x34_R3,0
Pr#2013-0012_Exp#0001_Ath_Tr#00014,0,standard,C5,2317,6:LL-1_R3,0
Pr#2013-0012_Exp#0002_Ath_Tr#00001,0,standard,A1,2705,46:174x34_R1,0
Pr#2013-0012_Exp#0002_Ath_Tr#00001,0,standard,A2,2663,32:149x165_R1,0
Pr#2013-0012_Exp#0002_Ath_Tr#00001,0,standard,A3,2681,38:119x60_R1,0
Pr#2013-0012_Exp#0002_Ath_Tr#00001,0,standard,A4,2726,53:191x31_R1,0
Pr#2013-0012_Exp#0002_Ath_Tr#00001,0,standard,A5,2780,71:54x183_R1,0
Pr#2013-0012_Exp#0002_Ath_Tr#00001,0,standard,B1,2633,22:133x35_R1,0
Pr#2013-0012_Exp#0002_Ath_Tr#00001,0,standard,B2,2783,72:55x18_R1,0
Pr#2013-0012_Exp#0002_Ath_Tr#00001,0,standard,B3,2624,19:125x117_R1,0
Pr#2013-0012_Exp#0002_Ath_Tr#00001,0,standard,B4,2825,86:Cvi-1_R1,0
Pr#2013-0012_Exp#0002_Ath_Tr#00001,0,standard,B5,2678,37:156x106_R1,0
Pr#2013-0012_Exp#0002_Ath_Tr#00001,0,standard,C1,2696,43:168x22_R1,0
Pr#2013-0012_Exp#0002_Ath_Tr#00001,0,standard,C2,2735,56:24x171_R1,0
Pr#2013-0012_Exp#0002_Ath_Tr#00001,0,standard,C3,2729,54:192x189_R1,0
Pr#2013-0012_Exp#0002_Ath_Tr#00001,0,standard,C4,2774,69:51x111_R1,0
Pr#2013-0012_Exp#0002_Ath_Tr#00001,0,standard,C5,2789,74:6x131_R1,0
Pr#2013-0012_Exp#0002_Ath_Tr#00001,0,standard,D1,2621,18:122x42_R1,0
Pr#2013-0012_Exp#0002_Ath_Tr#00001,0,standard,D2,2690,41:16x7_R1,0
Pr#2013-0012_Exp#0002_Ath_Tr#00001,0,standard,D3,2822,85:Stn8-1_R1,0
Pr#2013-0012_Exp#0002_Ath_Tr#00001,0,standard,D4,2801,78:ler self_R1,0
Pr#2013-0012_Exp#0002_Ath_Tr#00001,0,standard,D5,2723,52:190x176_R1,0
Pr#2013-0012_Exp#0002_Ath_Tr#00002,0,standard,A1,2810,81:lerxcvi_R1,0
Pr#2013-0012_Exp#0002_Ath_Tr#00002,0,standard,A2,2579,4:10x26_R1,0
Pr#2013-0012_Exp#0002_Ath_Tr#00002,0,standard,A3,2753,62:44x50_R1,0
Pr#2013-0012_Exp#0002_Ath_Tr#00002,0,standard,A4,2714,49:187x69_R1,0
Pr#2013-0012_Exp#0002_Ath_Tr#00002,0,standard,A5,2693,42:166x25_R1,0
Pr#2013-0012_Exp#0002_Ath_Tr#00002,0,standard,B1,2804,79:ler_R1,0
Pr#2013-0012_Exp#0002_Ath_Tr#00002,0,standard,B2,2642,25:136x102_R1,0
Pr#2013-0012_Exp#0002_Ath_Tr#00002,0,standard,B3,2654,29:146x64_R1,0
Pr#2013-0012_Exp#0002_Ath_Tr#00002,0,standard,B4,2591,8:107x121_R1,0
Pr#2013-0012_Exp#0002_Ath_Tr#00002,0,standard,B5,2828,87:135x142_R1,0
Pr#2013-0012_Exp#0002_Ath_Tr#00002,0,standard,C1,2771,68:5x188_R1,0
Pr#2013-0012_Exp#0002_Ath_Tr#00002,0,standard,C2,2777,70:51x18_R1,0
Pr#2013-0012_Exp#0002_Ath_Tr#00002,0,standard,C3,2684,39:16x4_R1,0
Pr#2013-0012_Exp#0002_Ath_Tr#00002,0,standard,C4,2807,80:cvixler_R1,0
Pr#2013-0012_Exp#0002_Ath_Tr#00002,0,standard,C5,2606,13:112x30_R1,0
Pr#2013-0012_Exp#0002_Ath_Tr#00002,0,standard,D1,2756,63:45x23_R1,0
Pr#2013-0012_Exp#0002_Ath_Tr#00002,0,standard,D2,2708,47:180x157_R1,0
Pr#2013-0012_Exp#0002_Ath_Tr#00002,0,standard,D3,2720,51:19x67_R1,0
Pr#2013-0012_Exp#0002_Ath_Tr#00002,0,standard,D4,2570,1:Col-0_R1,0
Pr#2013-0012_Exp#0002_Ath_Tr#00002,0,standard,D5,2672,35:153x108_R1,0
Pr#2013-0012_Exp#0002_Ath_Tr#00003,0,standard,A1,2585,6:LL-1_R1,0
Pr#2013-0012_Exp#0002_Ath_Tr#00003,0,standard,A2,2816,83:npq4_R1,0
Pr#2013-0012_Exp#0002_Ath_Tr#00003,0,standard,A3,2747,60:38x35_R1,0
Pr#2013-0012_Exp#0002_Ath_Tr#00003,0,standard,A4,2702,45:171x143_R1,0
Pr#2013-0012_Exp#0002_Ath_Tr#00003,0,standard,A5,2636,23:134x29_R1,0
Pr#2013-0012_Exp#0002_Ath_Tr#00003,0,standard,B1,2610,14:115x12_R2,0
Pr#2013-0012_Exp#0002_Ath_Tr#00003,0,standard,B2,2823,85:Stn8-1_R2,0
Pr#2013-0012_Exp#0002_Ath_Tr#00003,0,standard,B3,2607,13:112x30_R2,0
Pr#2013-0012_Exp#0002_Ath_Tr#00003,0,standard,B4,2619,17:12x142_R2,0
Pr#2013-0012_Exp#0002_Ath_Tr#00003,0,standard,B5,2652,28:14x4_R2,0
Pr#2013-0012_Exp#0002_Ath_Tr#00003,0,standard,C1,2670,34:152x42_R2,0
Pr#2013-0012_Exp#0002_Ath_Tr#00003,0,standard,C2,2640,24:135x10_R2,0
Pr#2013-0012_Exp#0002_Ath_Tr#00003,0,standard,C3,2811,81:lerxcvi_R2,0
Pr#2013-0012_Exp#0002_Ath_Tr#00003,0,standard,C4,2628,20:128x6_R2,0
Pr#2013-0012_Exp#0002_Ath_Tr#00003,0,standard,C5,2733,55:20x138_R2,0
Pr#2013-0012_Exp#0002_Ath_Tr#00003,0,standard,D1,2766,66:49x158_R2,0
Pr#2013-0012_Exp#0002_Ath_Tr#00003,0,standard,D2,2808,80:cvixler_R2,0
Pr#2013-0012_Exp#0002_Ath_Tr#00003,0,standard,D3,2601,11:114x3_R2,0
Pr#2013-0012_Exp#0002_Ath_Tr#00003,0,standard,D4,2754,62:44x50_R2,0
Pr#2013-0012_Exp#0002_Ath_Tr#00003,0,standard,D5,2622,18:122x42_R2,0
Pr#2013-0012_Exp#0002_Ath_Tr#00004,0,standard,A1,2781,71:54x183_R2,0
Pr#2013-0012_Exp#0002_Ath_Tr#00004,0,standard,A2,2598,10:109x48_R2,0
Pr#2013-0012_Exp#0002_Ath_Tr#00004,0,standard,A3,2802,78:ler self_R2,0
Pr#2013-0012_Exp#0002_Ath_Tr#00004,0,standard,A4,2712,48:186x27_R2,0
Pr#2013-0012_Exp#0002_Ath_Tr#00004,0,standard,A5,2631,21:129x132_R2,0
Pr#2013-0012_Exp#0002_Ath_Tr#00004,0,standard,B1,2655,29:146x64_R2,0
Pr#2013-0012_Exp#0002_Ath_Tr#00004,0,standard,B2,2679,37:156x106_R2,0
Pr#2013-0012_Exp#0002_Ath_Tr#00004,0,standard,B3,2769,67:5x172_R2,0
Pr#2013-0012_Exp#0002_Ath_Tr#00004,0,standard,B4,2817,83:npq4_R2,0
Pr#2013-0012_Exp#0002_Ath_Tr#00004,0,standard,B5,2742,58:26x74_R2,0
Pr#2013-0012_Exp#0002_Ath_Tr#00004,0,standard,C1,2676,36:153x20_R2,0
Pr#2013-0012_Exp#0002_Ath_Tr#00004,0,standard,C2,2757,63:45x23_R2,0
Pr#2013-0012_Exp#0002_Ath_Tr#00004,0,standard,C3,2664,32:149x165_R2,0
Pr#2013-0012_Exp#0002_Ath_Tr#00004,0,standard,C4,2796,76:63x151_R2,0
Pr#2013-0012_Exp#0002_Ath_Tr#00004,0,standard,C5,2730,54:192x189_R2,0
Pr#2013-0012_Exp#0002_Ath_Tr#00004,0,standard,D1,2736,56:24x171_R2,0
Pr#2013-0012_Exp#0002_Ath_Tr#00004,0,standard,D2,2616,16:118x164_R2,0
Pr#2013-0012_Exp#0002_Ath_Tr#00004,0,standard,D3,2646,26:165x137_R2,0
Pr#2013-0012_Exp#0002_Ath_Tr#00004,0,standard,D4,2805,79:ler_R2,0
Pr#2013-0012_Exp#0002_Ath_Tr#00004,0,standard,D5,2715,49:187x69_R2,0
Pr#2013-0012_Exp#0002_Ath_Tr#00005,0,standard,A1,2571,1:Col-0_R2,0
Pr#2013-0012_Exp#0002_Ath_Tr#00005,0,standard,A2,2745,59:33x58_R2,0
Pr#2013-0012_Exp#0002_Ath_Tr#00005,0,standard,A3,2661,31:147x69_R2,0
Pr#2013-0012_Exp#0002_Ath_Tr#00005,0,standard,A4,2793,75:61x162_R2,0
Pr#2013-0012_Exp#0002_Ath_Tr#00005,0,standard,A5,2838,90:Spare3_R2,0
Pr#2013-0012_Exp#0002_Ath_Tr#00005,0,standard,B1,2832,88:Spare1_R2,0
Pr#2013-0012_Exp#0002_Ath_Tr#00005,0,standard,B2,2760,64:46x29_R2,0
Pr#2013-0012_Exp#0002_Ath_Tr#00005,0,standard,B3,2751,61:39x27_R2,0
Pr#2013-0012_Exp#0002_Ath_Tr#00005,0,standard,B4,2673,35:153x108_R2,0
Pr#2013-0012_Exp#0002_Ath_Tr#00005,0,standard,B5,2784,72:55x18_R2,0
Pr#2013-0012_Exp#0002_Ath_Tr#00005,0,standard,C1,2644,25:136x102_R3,0
Pr#2013-0012_Exp#0002_Ath_Tr#00005,0,standard,C2,2686,39:16x4_R3,0
Pr#2013-0012_Exp#0002_Ath_Tr#00005,0,standard,C3,2623,18:122x42_R3,0
Pr#2013-0012_Exp#0002_Ath_Tr#00005,0,standard,C4,2752,61:39x27_R3,0
Pr#2013-0012_Exp#0002_Ath_Tr#00005,0,standard,C5,2797,76:63x151_R3,0
Pr#2013-0012_Exp#0002_Ath_Tr#00005,0,standard,D1,2731,54:192x189_R3,0
Pr#2013-0012_Exp#0002_Ath_Tr#00005,0,standard,D2,2695,42:166x25_R3,0
Pr#2013-0012_Exp#0002_Ath_Tr#00005,0,standard,D3,2701,44:17x21_R3,0
Pr#2013-0012_Exp#0002_Ath_Tr#00005,0,standard,D4,2779,70:51x18_R3,0
Pr#2013-0012_Exp#0002_Ath_Tr#00005,0,standard,D5,2803,78:ler self_R3,0
Pr#2013-0012_Exp#0002_Ath_Tr#00006,0,standard,A1,2725,52:190x176_R3,0
Pr#2013-0012_Exp#0002_Ath_Tr#00006,0,standard,A2,2593,8:107x121_R3,0
Pr#2013-0012_Exp#0002_Ath_Tr#00006,0,standard,A3,2821,84:pgr5_R3,0
Pr#2013-0012_Exp#0002_Ath_Tr#00006,0,standard,A4,2758,63:45x23_R3,0
Pr#2013-0012_Exp#0002_Ath_Tr#00006,0,standard,A5,2788,73:59x116_R3,0
Pr#2013-0012_Exp#0002_Ath_Tr#00006,0,standard,B1,2704,45:171x143_R3,0
Pr#2013-0012_Exp#0002_Ath_Tr#00006,0,standard,B2,2734,55:20x138_R3,0
Pr#2013-0012_Exp#0002_Ath_Tr#00006,0,standard,B3,2605,12:110x32_R3,0
Pr#2013-0012_Exp#0002_Ath_Tr#00006,0,standard,B4,2590,7:145x105_R3,0
Pr#2013-0012_Exp#0002_Ath_Tr#00006,0,standard,B5,2710,47:180x157_R3,0
Pr#2013-0012_Exp#0002_Ath_Tr#00006,0,standard,C1,2614,15:118x108_R3,0
Pr#2013-0012_Exp#0002_Ath_Tr#00006,0,standard,C2,2839,90:Spare3_R3,0
Pr#2013-0012_Exp#0002_Ath_Tr#00006,0,standard,C3,2581,4:10x26_R3,0
Pr#2013-0012_Exp#0002_Ath_Tr#00006,0,standard,C4,2626,19:125x117_R3,0
Pr#2013-0012_Exp#0002_Ath_Tr#00006,0,standard,C5,2578,3:1x146_R3,0
Pr#2013-0012_Exp#0002_Ath_Tr#00006,0,standard,D1,2659,30:147x50_R3,0
Pr#2013-0012_Exp#0002_Ath_Tr#00006,0,standard,D2,2647,26:165x137_R3,0
Pr#2013-0012_Exp#0002_Ath_Tr#00006,0,standard,D3,2599,10:109x48_R3,0
Pr#2013-0012_Exp#0002_Ath_Tr#00006,0,standard,D4,2653,28:14x4_R3,0
Pr#2013-0012_Exp#0002_Ath_Tr#00006,0,standard,D5,2656,29:146x64_R3,0
Pr#2013-0012_Exp#0002_Ath_Tr#00007,0,standard,A1,2770,67:5x172_R3,0
Pr#2013-0012_Exp#0002_Ath_Tr#00007,0,standard,A2,2620,17:12x142_R3,0
Pr#2013-0012_Exp#0002_Ath_Tr#00007,0,standard,A3,2575,2:cvi self_R3,0
Pr#2013-0012_Exp#0002_Ath_Tr#00007,0,standard,A4,2830,87:135x142_R3,0
Pr#2013-0012_Exp#0002_Ath_Tr#00007,0,standard,A5,2689,40:16x66_R3,0
Pr#2013-0012_Exp#0002_Ath_Tr#00007,0,standard,B1,2713,48:186x27_R3,0
Pr#2013-0012_Exp#0002_Ath_Tr#00007,0,standard,B2,2767,66:49x158_R3,0
Pr#2013-0012_Exp#0002_Ath_Tr#00007,0,standard,B3,2638,23:134x29_R3,0
Pr#2013-0012_Exp#0002_Ath_Tr#00007,0,standard,B4,2668,33:150x37_R3,0
Pr#2013-0012_Exp#0002_Ath_Tr#00007,0,standard,B5,2812,81:lerxcvi_R3,0
Pr#2013-0012_Exp#0002_Ath_Tr#00007,0,standard,C1,2815,82:npq1_R3,0
Pr#2013-0012_Exp#0002_Ath_Tr#00007,0,standard,C2,2635,22:133x35_R3,0
Pr#2013-0012_Exp#0002_Ath_Tr#00007,0,standard,C3,2572,1:Col-0_R3,0
Pr#2013-0012_Exp#0002_Ath_Tr#00007,0,standard,C4,2800,77:8x61_R3,0
Pr#2013-0012_Exp#0002_Ath_Tr#00007,0,standard,C5,2617,16:118x164_R3,0
Pr#2013-0012_Exp#0002_Ath_Tr#00008,0,standard,A1,2597,10:109x48_R1,0
Pr#2013-0012_Exp#0002_Ath_Tr#00008,0,standard,A2,2666,33:150x37_R1,0
Pr#2013-0012_Exp#0002_Ath_Tr#00008,0,standard,A3,2768,67:5x172_R1,0
Pr#2013-0012_Exp#0002_Ath_Tr#00008,0,standard,A4,2576,3:1x146_R1,0
Pr#2013-0012_Exp#0002_Ath_Tr#00008,0,standard,A5,2837,90:Spare3_R1,0
Pr#2013-0012_Exp#0002_Ath_Tr#00008,0,standard,B1,2594,9:18x109_R1,0
Pr#2013-0012_Exp#0002_Ath_Tr#00008,0,standard,B2,2786,73:59x116_R1,0
Pr#2013-0012_Exp#0002_Ath_Tr#00008,0,standard,B3,2573,2:cvi self_R1,0
Pr#2013-0012_Exp#0002_Ath_Tr#00008,0,standard,B4,2675,36:153x20_R1,0
Pr#2013-0012_Exp#0002_Ath_Tr#00008,0,standard,B5,2711,48:186x27_R1,0
Pr#2013-0012_Exp#0002_Ath_Tr#00008,0,standard,C1,2750,61:39x27_R1,0
Pr#2013-0012_Exp#0002_Ath_Tr#00008,0,standard,C2,2792,75:61x162_R1,0
Pr#2013-0012_Exp#0002_Ath_Tr#00008,0,standard,C3,2765,66:49x158_R1,0
Pr#2013-0012_Exp#0002_Ath_Tr#00008,0,standard,C4,2819,84:pgr5_R1,0
Pr#2013-0012_Exp#0002_Ath_Tr#00008,0,standard,C5,2615,16:118x164_R1,0
Pr#2013-0012_Exp#0002_Ath_Tr#00008,0,standard,D1,2627,20:128x6_R1,0
Pr#2013-0012_Exp#0002_Ath_Tr#00008,0,standard,D2,2645,26:165x137_R1,0
Pr#2013-0012_Exp#0002_Ath_Tr#00008,0,standard,D3,2582,5:101x176_R1,0
Pr#2013-0012_Exp#0002_Ath_Tr#00008,0,standard,D4,2798,77:8x61_R1,0
Pr#2013-0012_Exp#0002_Ath_Tr#00008,0,standard,D5,2738,57:15x9_R1,0
Pr#2013-0012_Exp#0002_Ath_Tr#00009,0,standard,A1,2609,14:115x12_R1,0
Pr#2013-0012_Exp#0002_Ath_Tr#00009,0,standard,A2,2744,59:33x58_R1,0
Pr#2013-0012_Exp#0002_Ath_Tr#00009,0,standard,A3,2648,27:139x36_R1,0
Pr#2013-0012_Exp#0002_Ath_Tr#00009,0,standard,A4,2657,30:147x50_R1,0
Pr#2013-0012_Exp#0002_Ath_Tr#00009,0,standard,A5,2588,7:145x105_R1,0
Pr#2013-0012_Exp#0002_Ath_Tr#00009,0,standard,B1,2762,65:48x160_R1,0
Pr#2013-0012_Exp#0002_Ath_Tr#00009,0,standard,B2,2630,21:129x132_R1,0
Pr#2013-0012_Exp#0002_Ath_Tr#00009,0,standard,B3,2759,64:46x29_R1,0
Pr#2013-0012_Exp#0002_Ath_Tr#00009,0,standard,B4,2660,31:147x69_R1,0
Pr#2013-0012_Exp#0002_Ath_Tr#00009,0,standard,B5,2699,44:17x21_R1,0
Pr#2013-0012_Exp#0002_Ath_Tr#00009,0,standard,C1,2813,82:npq1_R1,0
Pr#2013-0012_Exp#0002_Ath_Tr#00009,0,standard,C2,2603,12:110x32_R1,0
Pr#2013-0012_Exp#0002_Ath_Tr#00009,0,standard,C3,2795,76:63x151_R1,0
Pr#2013-0012_Exp#0002_Ath_Tr#00009,0,standard,C4,2618,17:12x142_R1,0
Pr#2013-0012_Exp#0002_Ath_Tr#00009,0,standard,C5,2669,34:152x42_R1,0
Pr#2013-0012_Exp#0002_Ath_Tr#00009,0,standard,D1,2732,55:20x138_R1,0
Pr#2013-0012_Exp#0002_Ath_Tr#00009,0,standard,D2,2612,15:118x108_R1,0
Pr#2013-0012_Exp#0002_Ath_Tr#00009,0,standard,D3,2834,89:Spare2_R1,0
Pr#2013-0012_Exp#0002_Ath_Tr#00009,0,standard,D4,2741,58:26x74_R1,0
Pr#2013-0012_Exp#0002_Ath_Tr#00009,0,standard,D5,2717,50:19x173_R1,0
Pr#2013-0012_Exp#0002_Ath_Tr#00010,0,standard,A1,2687,40:16x66_R1,0
Pr#2013-0012_Exp#0002_Ath_Tr#00010,0,standard,A2,2831,88:Spare1_R1,0
Pr#2013-0012_Exp#0002_Ath_Tr#00010,0,standard,A3,2651,28:14x4_R1,0
Pr#2013-0012_Exp#0002_Ath_Tr#00010,0,standard,A4,2639,24:135x10_R1,0
Pr#2013-0012_Exp#0002_Ath_Tr#00010,0,standard,A5,2600,11:114x3_R1,0
Pr#2013-0012_Exp#0002_Ath_Tr#00010,0,standard,B1,2682,38:119x60_R2,0
Pr#2013-0012_Exp#0002_Ath_Tr#00010,0,standard,B2,2697,43:168x22_R2,0
Pr#2013-0012_Exp#0002_Ath_Tr#00010,0,standard,B3,2787,73:59x116_R2,0
Pr#2013-0012_Exp#0002_Ath_Tr#00010,0,standard,B4,2700,44:17x21_R2,0
Pr#2013-0012_Exp#0002_Ath_Tr#00010,0,standard,B5,2613,15:118x108_R2,0
Pr#2013-0012_Exp#0002_Ath_Tr#00010,0,standard,C1,2790,74:6x131_R2,0
Pr#2013-0012_Exp#0002_Ath_Tr#00010,0,standard,C2,2643,25:136x102_R2,0
Pr#2013-0012_Exp#0002_Ath_Tr#00010,0,standard,C3,2718,50:19x173_R2,0
Pr#2013-0012_Exp#0002_Ath_Tr#00010,0,standard,C4,2667,33:150x37_R2,0
Pr#2013-0012_Exp#0002_Ath_Tr#00010,0,standard,C5,2574,2:cvi self_R2,0
Pr#2013-0012_Exp#0002_Ath_Tr#00010,0,standard,D1,2658,30:147x50_R2,0
Pr#2013-0012_Exp#0002_Ath_Tr#00010,0,standard,D2,2595,9:18x109_R2,0
Pr#2013-0012_Exp#0002_Ath_Tr#00010,0,standard,D3,2829,87:135x142_R2,0
Pr#2013-0012_Exp#0002_Ath_Tr#00010,0,standard,D4,2709,47:180x157_R2,0
Pr#2013-0012_Exp#0002_Ath_Tr#00010,0,standard,D5,2727,53:191x31_R2,0
Pr#2013-0012_Exp#0002_Ath_Tr#00011,0,standard,A1,2586,6:LL-1_R2,0
Pr#2013-0012_Exp#0002_Ath_Tr#00011,0,standard,A2,2721,51:19x67_R2,0
Pr#2013-0012_Exp#0002_Ath_Tr#00011,0,standard,A3,2685,39:16x4_R2,0
Pr#2013-0012_Exp#0002_Ath_Tr#00011,0,standard,A4,2649,27:139x36_R2,0
Pr#2013-0012_Exp#0002_Ath_Tr#00011,0,standard,A5,2820,84:pgr5_R2,0
Pr#2013-0012_Exp#0002_Ath_Tr#00011,0,standard,B1,2592,8:107x121_R2,0
Pr#2013-0012_Exp#0002_Ath_Tr#00011,0,standard,B2,2589,7:145x105_R2,0
Pr#2013-0012_Exp#0002_Ath_Tr#00011,0,standard,B3,2799,77:8x61_R2,0
Pr#2013-0012_Exp#0002_Ath_Tr#00011,0,standard,B4,2775,69:51x111_R2,0
Pr#2013-0012_Exp#0002_Ath_Tr#00011,0,standard,B5,2691,41:16x7_R2,0
Pr#2013-0012_Exp#0002_Ath_Tr#00011,0,standard,C1,2604,12:110x32_R2,0
Pr#2013-0012_Exp#0002_Ath_Tr#00011,0,standard,C2,2826,86:Cvi-1_R2,0
Pr#2013-0012_Exp#0002_Ath_Tr#00011,0,standard,C3,2580,4:10x26_R2,0
Pr#2013-0012_Exp#0002_Ath_Tr#00011,0,standard,C4,2724,52:190x176_R2,0
Pr#2013-0012_Exp#0002_Ath_Tr#00011,0,standard,C5,2688,40:16x66_R2,0
Pr#2013-0012_Exp#0002_Ath_Tr#00011,0,standard,D1,2835,89:Spare2_R2,0
Pr#2013-0012_Exp#0002_Ath_Tr#00011,0,standard,D2,2637,23:134x29_R2,0
Pr#2013-0012_Exp#0002_Ath_Tr#00011,0,standard,D3,2706,46:174x34_R2,0
Pr#2013-0012_Exp#0002_Ath_Tr#00011,0,standard,D4,2814,82:npq1_R2,0
Pr#2013-0012_Exp#0002_Ath_Tr#00011,0,standard,D5,2625,19:125x117_R2,0
Pr#2013-0012_Exp#0002_Ath_Tr#00012,0,standard,A1,2778,70:51x18_R2,0
Pr#2013-0012_Exp#0002_Ath_Tr#00012,0,standard,A2,2583,5:101x176_R2,0
Pr#2013-0012_Exp#0002_Ath_Tr#00012,0,standard,A3,2763,65:48x160_R2,0
Pr#2013-0012_Exp#0002_Ath_Tr#00012,0,standard,A4,2748,60:38x35_R2,0
Pr#2013-0012_Exp#0002_Ath_Tr#00012,0,standard,A5,2772,68:5x188_R2,0
Pr#2013-0012_Exp#0002_Ath_Tr#00012,0,standard,B1,2739,57:15x9_R2,0
Pr#2013-0012_Exp#0002_Ath_Tr#00012,0,standard,B2,2577,3:1x146_R2,0
Pr#2013-0012_Exp#0002_Ath_Tr#00012,0,standard,B3,2703,45:171x143_R2,0
Pr#2013-0012_Exp#0002_Ath_Tr#00012,0,standard,B4,2634,22:133x35_R2,0
Pr#2013-0012_Exp#0002_Ath_Tr#00012,0,standard,B5,2694,42:166x25_R2,0
Pr#2013-0012_Exp#0002_Ath_Tr#00012,0,standard,C1,2749,60:38x35_R3,0
Pr#2013-0012_Exp#0002_Ath_Tr#00012,0,standard,C2,2836,89:Spare2_R3,0
Pr#2013-0012_Exp#0002_Ath_Tr#00012,0,standard,C3,2728,53:191x31_R3,0
Pr#2013-0012_Exp#0002_Ath_Tr#00012,0,standard,C4,2611,14:115x12_R3,0
Pr#2013-0012_Exp#0002_Ath_Tr#00012,0,standard,C5,2680,37:156x106_R3,0
Pr#2013-0012_Exp#0002_Ath_Tr#00012,0,standard,D1,2818,83:npq4_R3,0
Pr#2013-0012_Exp#0002_Ath_Tr#00012,0,standard,D2,2641,24:135x10_R3,0
Pr#2013-0012_Exp#0002_Ath_Tr#00012,0,standard,D3,2596,9:18x109_R3,0
Pr#2013-0012_Exp#0002_Ath_Tr#00012,0,standard,D4,2707,46:174x34_R3,0
Pr#2013-0012_Exp#0002_Ath_Tr#00012,0,standard,D5,2650,27:139x36_R3,0
Pr#2013-0012_Exp#0002_Ath_Tr#00013,0,standard,A1,2584,5:101x176_R3,0
Pr#2013-0012_Exp#0002_Ath_Tr#00013,0,standard,A2,2785,72:55x18_R3,0
Pr#2013-0012_Exp#0002_Ath_Tr#00013,0,standard,A3,2671,34:152x42_R3,0
Pr#2013-0012_Exp#0002_Ath_Tr#00013,0,standard,A4,2602,11:114x3_R3,0
Pr#2013-0012_Exp#0002_Ath_Tr#00013,0,standard,A5,2716,49:187x69_R3,0
Pr#2013-0012_Exp#0002_Ath_Tr#00013,0,standard,B1,2806,79:ler_R3,0
Pr#2013-0012_Exp#0002_Ath_Tr#00013,0,standard,B2,2782,71:54x183_R3,0
Pr#2013-0012_Exp#0002_Ath_Tr#00013,0,standard,B3,2824,85:Stn8-1_R3,0
Pr#2013-0012_Exp#0002_Ath_Tr#00013,0,standard,B4,2794,75:61x162_R3,0
Pr#2013-0012_Exp#0002_Ath_Tr#00013,0,standard,B5,2662,31:147x69_R3,0
Pr#2013-0012_Exp#0002_Ath_Tr#00013,0,standard,C1,2608,13:112x30_R3,0
Pr#2013-0012_Exp#0002_Ath_Tr#00013,0,standard,C2,2776,69:51x111_R3,0
Pr#2013-0012_Exp#0002_Ath_Tr#00013,0,standard,C3,2587,6:LL-1_R3,0
Pr#2013-0012_Exp#0002_Ath_Tr#00013,0,standard,C4,2761,64:46x29_R3,0
Pr#2013-0012_Exp#0002_Ath_Tr#00013,0,standard,C5,2629,20:128x6_R3,0
Pr#2013-0012_Exp#0002_Ath_Tr#00013,0,standard,D1,2719,50:19x173_R3,0
Pr#2013-0012_Exp#0002_Ath_Tr#00013,0,standard,D2,2773,68:5x188_R3,0
Pr#2013-0012_Exp#0002_Ath_Tr#00013,0,standard,D3,2674,35:153x108_R3,0
Pr#2013-0012_Exp#0002_Ath_Tr#00013,0,standard,D4,2827,86:Cvi-1_R3,0
Pr#2013-0012_Exp#0002_Ath_Tr#00013,0,standard,D5,2698,43:168x22_R3,0
Pr#2013-0012_Exp#0002_Ath_Tr#00014,0,standard,A1,2677,36:153x20_R3,0
Pr#2013-0012_Exp#0002_Ath_Tr#00014,0,standard,A2,2740,57:15x9_R3,0
Pr#2013-0012_Exp#0002_Ath_Tr#00014,0,standard,A3,2746,59:33x58_R3,0
Pr#2013-0012_Exp#0002_Ath_Tr#00014,0,standard,A4,2722,51:19x67_R3,0
Pr#2013-0012_Exp#0002_Ath_Tr#00014,0,standard,A5,2737,56:24x171_R3,0
Pr#2013-0012_Exp#0002_Ath_Tr#00014,0,standard,B1,2809,80:cvixler_R3,0
Pr#2013-0012_Exp#0002_Ath_Tr#00014,0,standard,B2,2764,65:48x160_R3,0
Pr#2013-0012_Exp#0002_Ath_Tr#00014,0,standard,B3,2743,58:26x74_R3,0
Pr#2013-0012_Exp#0002_Ath_Tr#00014,0,standard,B4,2692,41:16x7_R3,0
Pr#2013-0012_Exp#0002_Ath_Tr#00014,0,standard,B5,2683,38:119x60_R3,0
Pr#2013-0012_Exp#0002_Ath_Tr#00014,0,standard,C1,2632,21:129x132_R3,0
Pr#2013-0012_Exp#0002_Ath_Tr#00014,0,standard,C2,2755,62:44x50_R3,0
Pr#2013-0012_Exp#0002_Ath_Tr#00014,0,standard,C3,2665,32:149x165_R3,0
Pr#2013-0012_Exp#0002_Ath_Tr#00014,0,standard,C4,2791,74:6x131_R3,0
Pr#2013-0012_Exp#0002_Ath_Tr#00014,0,standard,C5,2833,88:Spare1_R3,0
Pr#2013-0012_Exp#0003_Ath_Tr#00001,0,standard,A1,3071,78:ler self_R1,0
Pr#2013-0012_Exp#0003_Ath_Tr#00001,0,standard,A2,2963,42:166x25_R1,0
Pr#2013-0012_Exp#0003_Ath_Tr#00001,0,standard,A3,2912,25:136x102_R1,0
Pr#2013-0012_Exp#0003_Ath_Tr#00001,0,standard,A4,3092,85:Stn8-1_R1,0
Pr#2013-0012_Exp#0003_Ath_Tr#00001,0,standard,A5,2945,36:153x20_R1,0
Pr#2013-0012_Exp#0003_Ath_Tr#00001,0,standard,B1,3059,74:6x131_R1,0
Pr#2013-0012_Exp#0003_Ath_Tr#00001,0,standard,B2,2933,32:149x165_R1,0
Pr#2013-0012_Exp#0003_Ath_Tr#00001,0,standard,B3,3101,88:Spare1_R1,0
Pr#2013-0012_Exp#0003_Ath_Tr#00001,0,standard,B4,2999,54:192x189_R1,0
Pr#2013-0012_Exp#0003_Ath_Tr#00001,0,standard,B5,2936,33:150x37_R1,0
Pr#2013-0012_Exp#0003_Ath_Tr#00001,0,standard,C1,3083,82:npq1_R1,0
Pr#2013-0012_Exp#0003_Ath_Tr#00001,0,standard,C2,2957,40:16x66_R1,0
Pr#2013-0012_Exp#0003_Ath_Tr#00001,0,standard,C3,2852,5:101x176_R1,0
Pr#2013-0012_Exp#0003_Ath_Tr#00001,0,standard,C4,3035,66:49x158_R1,0
Pr#2013-0012_Exp#0003_Ath_Tr#00001,0,standard,C5,2879,14:115x12_R1,0
Pr#2013-0012_Exp#0003_Ath_Tr#00001,0,standard,D1,3038,67:5x172_R1,0
Pr#2013-0012_Exp#0003_Ath_Tr#00001,0,standard,D2,3065,76:63x151_R1,0
Pr#2013-0012_Exp#0003_Ath_Tr#00001,0,standard,D3,3002,55:20x138_R1,0
Pr#2013-0012_Exp#0003_Ath_Tr#00001,0,standard,D4,2975,46:174x34_R1,0
Pr#2013-0012_Exp#0003_Ath_Tr#00001,0,standard,D5,2921,28:14x4_R1,0
Pr#2013-0012_Exp#0003_Ath_Tr#00002,0,standard,A1,2891,18:122x42_R1,0
Pr#2013-0012_Exp#0003_Ath_Tr#00002,0,standard,A2,2846,3:1x146_R1,0
Pr#2013-0012_Exp#0003_Ath_Tr#00002,0,standard,A3,3008,57:15x9_R1,0
Pr#2013-0012_Exp#0003_Ath_Tr#00002,0,standard,A4,2843,2:cvi self_R1,0
Pr#2013-0012_Exp#0003_Ath_Tr#00002,0,standard,A5,2849,4:10x26_R1,0
Pr#2013-0012_Exp#0003_Ath_Tr#00002,0,standard,B1,2876,13:112x30_R1,0
Pr#2013-0012_Exp#0003_Ath_Tr#00002,0,standard,B2,2969,44:17x21_R1,0
Pr#2013-0012_Exp#0003_Ath_Tr#00002,0,standard,B3,2855,6:LL-1_R1,0
Pr#2013-0012_Exp#0003_Ath_Tr#00002,0,standard,B4,2927,30:147x50_R1,0
Pr#2013-0012_Exp#0003_Ath_Tr#00002,0,standard,B5,3107,90:Spare3_R1,0
Pr#2013-0012_Exp#0003_Ath_Tr#00002,0,standard,C1,2906,23:134x29_R1,0
Pr#2013-0012_Exp#0003_Ath_Tr#00002,0,standard,C2,3086,83:npq4_R1,0
Pr#2013-0012_Exp#0003_Ath_Tr#00002,0,standard,C3,2984,49:187x69_R1,0
Pr#2013-0012_Exp#0003_Ath_Tr#00002,0,standard,C4,2930,31:147x69_R1,0
Pr#2013-0012_Exp#0003_Ath_Tr#00002,0,standard,C5,3041,68:5x188_R1,0
Pr#2013-0012_Exp#0003_Ath_Tr#00002,0,standard,D1,2858,7:145x105_R1,0
Pr#2013-0012_Exp#0003_Ath_Tr#00002,0,standard,D2,3062,75:61x162_R1,0
Pr#2013-0012_Exp#0003_Ath_Tr#00002,0,standard,D3,3053,72:55x18_R1,0
Pr#2013-0012_Exp#0003_Ath_Tr#00002,0,standard,D4,2942,35:153x108_R1,0
Pr#2013-0012_Exp#0003_Ath_Tr#00002,0,standard,D5,3074,79:ler_R1,0
Pr#2013-0012_Exp#0003_Ath_Tr#00003,0,standard,A1,3056,73:59x116_R1,0
Pr#2013-0012_Exp#0003_Ath_Tr#00003,0,standard,A2,3020,61:39x27_R1,0
Pr#2013-0012_Exp#0003_Ath_Tr#00003,0,standard,A3,2990,51:19x67_R1,0
Pr#2013-0012_Exp#0003_Ath_Tr#00003,0,standard,A4,2909,24:135x10_R1,0
Pr#2013-0012_Exp#0003_Ath_Tr#00003,0,standard,A5,3032,65:48x160_R1,0
Pr#2013-0012_Exp#0003_Ath_Tr#00003,0,standard,B1,3027,63:45x23_R2,0
Pr#2013-0012_Exp#0003_Ath_Tr#00003,0,standard,B2,2988,50:19x173_R2,0
Pr#2013-0012_Exp#0003_Ath_Tr#00003,0,standard,B3,2883,15:118x108_R2,0
Pr#2013-0012_Exp#0003_Ath_Tr#00003,0,standard,B4,3069,77:8x61_R2,0
Pr#2013-0012_Exp#0003_Ath_Tr#00003,0,standard,B5,3102,88:Spare1_R2,0
Pr#2013-0012_Exp#0003_Ath_Tr#00003,0,standard,C1,2931,31:147x69_R2,0
Pr#2013-0012_Exp#0003_Ath_Tr#00003,0,standard,C2,3084,82:npq1_R2,0
Pr#2013-0012_Exp#0003_Ath_Tr#00003,0,standard,C3,3030,64:46x29_R2,0
Pr#2013-0012_Exp#0003_Ath_Tr#00003,0,standard,C4,2925,29:146x64_R2,0
Pr#2013-0012_Exp#0003_Ath_Tr#00003,0,standard,C5,2865,9:18x109_R2,0
Pr#2013-0012_Exp#0003_Ath_Tr#00003,0,standard,D1,2922,28:14x4_R2,0
Pr#2013-0012_Exp#0003_Ath_Tr#00003,0,standard,D2,3009,57:15x9_R2,0
Pr#2013-0012_Exp#0003_Ath_Tr#00003,0,standard,D3,2904,22:133x35_R2,0
Pr#2013-0012_Exp#0003_Ath_Tr#00003,0,standard,D4,2994,52:190x176_R2,0
Pr#2013-0012_Exp#0003_Ath_Tr#00003,0,standard,D5,2886,16:118x164_R2,0
Pr#2013-0012_Exp#0003_Ath_Tr#00004,0,standard,A1,2961,41:16x7_R2,0
Pr#2013-0012_Exp#0003_Ath_Tr#00004,0,standard,A2,2850,4:10x26_R2,0
Pr#2013-0012_Exp#0003_Ath_Tr#00004,0,standard,A3,3018,60:38x35_R2,0
Pr#2013-0012_Exp#0003_Ath_Tr#00004,0,standard,A4,2859,7:145x105_R2,0
Pr#2013-0012_Exp#0003_Ath_Tr#00004,0,standard,A5,3066,76:63x151_R2,0
Pr#2013-0012_Exp#0003_Ath_Tr#00004,0,standard,B1,2955,39:16x4_R2,0
Pr#2013-0012_Exp#0003_Ath_Tr#00004,0,standard,B2,3048,70:51x18_R2,0
Pr#2013-0012_Exp#0003_Ath_Tr#00004,0,standard,B3,2919,27:139x36_R2,0
Pr#2013-0012_Exp#0003_Ath_Tr#00004,0,standard,B4,3003,55:20x138_R2,0
Pr#2013-0012_Exp#0003_Ath_Tr#00004,0,standard,B5,3036,66:49x158_R2,0
Pr#2013-0012_Exp#0003_Ath_Tr#00004,0,standard,C1,2985,49:187x69_R2,0
Pr#2013-0012_Exp#0003_Ath_Tr#00004,0,standard,C2,2910,24:135x10_R2,0
Pr#2013-0012_Exp#0003_Ath_Tr#00004,0,standard,C3,2964,42:166x25_R2,0
Pr#2013-0012_Exp#0003_Ath_Tr#00004,0,standard,C4,3099,87:135x142_R2,0
Pr#2013-0012_Exp#0003_Ath_Tr#00004,0,standard,C5,2841,1:Col-0_R2,0
Pr#2013-0012_Exp#0003_Ath_Tr#00004,0,standard,D1,3078,80:cvixler_R2,0
Pr#2013-0012_Exp#0003_Ath_Tr#00004,0,standard,D2,2871,11:114x3_R2,0
Pr#2013-0012_Exp#0003_Ath_Tr#00004,0,standard,D3,3093,85:Stn8-1_R2,0
Pr#2013-0012_Exp#0003_Ath_Tr#00004,0,standard,D4,2862,8:107x121_R2,0
Pr#2013-0012_Exp#0003_Ath_Tr#00004,0,standard,D5,2892,18:122x42_R2,0
Pr#2013-0012_Exp#0003_Ath_Tr#00005,0,standard,A1,3081,81:lerxcvi_R2,0
Pr#2013-0012_Exp#0003_Ath_Tr#00005,0,standard,A2,3045,69:51x111_R2,0
Pr#2013-0012_Exp#0003_Ath_Tr#00005,0,standard,A3,3042,68:5x188_R2,0
Pr#2013-0012_Exp#0003_Ath_Tr#00005,0,standard,A4,3063,75:61x162_R2,0
Pr#2013-0012_Exp#0003_Ath_Tr#00005,0,standard,A5,2940,34:152x42_R2,0
Pr#2013-0012_Exp#0003_Ath_Tr#00005,0,standard,B1,2970,44:17x21_R2,0
Pr#2013-0012_Exp#0003_Ath_Tr#00005,0,standard,B2,2973,45:171x143_R2,0
Pr#2013-0012_Exp#0003_Ath_Tr#00005,0,standard,B3,3057,73:59x116_R2,0
Pr#2013-0012_Exp#0003_Ath_Tr#00005,0,standard,B4,2937,33:150x37_R2,0
Pr#2013-0012_Exp#0003_Ath_Tr#00005,0,standard,B5,2916,26:165x137_R2,0
Pr#2013-0012_Exp#0003_Ath_Tr#00005,0,standard,C1,2947,36:153x20_R3,0
Pr#2013-0012_Exp#0003_Ath_Tr#00005,0,standard,C2,2866,9:18x109_R3,0
Pr#2013-0012_Exp#0003_Ath_Tr#00005,0,standard,C3,3070,77:8x61_R3,0
Pr#2013-0012_Exp#0003_Ath_Tr#00005,0,standard,C4,2998,53:191x31_R3,0
Pr#2013-0012_Exp#0003_Ath_Tr#00005,0,standard,C5,3082,81:lerxcvi_R3,0
Pr#2013-0012_Exp#0003_Ath_Tr#00005,0,standard,D1,2887,16:118x164_R3,0
Pr#2013-0012_Exp#0003_Ath_Tr#00005,0,standard,D2,2986,49:187x69_R3,0
Pr#2013-0012_Exp#0003_Ath_Tr#00005,0,standard,D3,3097,86:Cvi-1_R3,0
Pr#2013-0012_Exp#0003_Ath_Tr#00005,0,standard,D4,3034,65:48x160_R3,0
Pr#2013-0012_Exp#0003_Ath_Tr#00005,0,standard,D5,2983,48:186x27_R3,0
Pr#2013-0012_Exp#0003_Ath_Tr#00006,0,standard,A1,3022,61:39x27_R3,0
Pr#2013-0012_Exp#0003_Ath_Tr#00006,0,standard,A2,2938,33:150x37_R3,0
Pr#2013-0012_Exp#0003_Ath_Tr#00006,0,standard,A3,3079,80:cvixler_R3,0
Pr#2013-0012_Exp#0003_Ath_Tr#00006,0,standard,A4,2878,13:112x30_R3,0
Pr#2013-0012_Exp#0003_Ath_Tr#00006,0,standard,A5,3052,71:54x183_R3,0
Pr#2013-0012_Exp#0003_Ath_Tr#00006,0,standard,B1,2890,17:12x142_R3,0
Pr#2013-0012_Exp#0003_Ath_Tr#00006,0,standard,B2,2899,20:128x6_R3,0
Pr#2013-0012_Exp#0003_Ath_Tr#00006,0,standard,B3,2848,3:1x146_R3,0
Pr#2013-0012_Exp#0003_Ath_Tr#00006,0,standard,B4,2980,47:180x157_R3,0
Pr#2013-0012_Exp#0003_Ath_Tr#00006,0,standard,B5,2863,8:107x121_R3,0
Pr#2013-0012_Exp#0003_Ath_Tr#00006,0,standard,C1,2920,27:139x36_R3,0
Pr#2013-0012_Exp#0003_Ath_Tr#00006,0,standard,C2,2896,19:125x117_R3,0
Pr#2013-0012_Exp#0003_Ath_Tr#00006,0,standard,C3,2911,24:135x10_R3,0
Pr#2013-0012_Exp#0003_Ath_Tr#00006,0,standard,C4,2962,41:16x7_R3,0
Pr#2013-0012_Exp#0003_Ath_Tr#00006,0,standard,C5,2989,50:19x173_R3,0
Pr#2013-0012_Exp#0003_Ath_Tr#00006,0,standard,D1,2857,6:LL-1_R3,0
Pr#2013-0012_Exp#0003_Ath_Tr#00006,0,standard,D2,2875,12:110x32_R3,0
Pr#2013-0012_Exp#0003_Ath_Tr#00006,0,standard,D3,3061,74:6x131_R3,0
Pr#2013-0012_Exp#0003_Ath_Tr#00006,0,standard,D4,2917,26:165x137_R3,0
Pr#2013-0012_Exp#0003_Ath_Tr#00006,0,standard,D5,2914,25:136x102_R3,0
Pr#2013-0012_Exp#0003_Ath_Tr#00007,0,standard,A1,3046,69:51x111_R3,0
Pr#2013-0012_Exp#0003_Ath_Tr#00007,0,standard,A2,3094,85:Stn8-1_R3,0
Pr#2013-0012_Exp#0003_Ath_Tr#00007,0,standard,A3,3076,79:ler_R3,0
Pr#2013-0012_Exp#0003_Ath_Tr#00007,0,standard,A4,3010,57:15x9_R3,0
Pr#2013-0012_Exp#0003_Ath_Tr#00007,0,standard,A5,3058,73:59x116_R3,0
Pr#2013-0012_Exp#0003_Ath_Tr#00007,0,standard,B1,3100,87:135x142_R3,0
Pr#2013-0012_Exp#0003_Ath_Tr#00007,0,standard,B2,2977,46:174x34_R3,0
Pr#2013-0012_Exp#0003_Ath_Tr#00007,0,standard,B3,2941,34:152x42_R3,0
Pr#2013-0012_Exp#0003_Ath_Tr#00007,0,standard,B4,3106,89:Spare2_R3,0
Pr#2013-0012_Exp#0003_Ath_Tr#00007,0,standard,B5,2935,32:149x165_R3,0
Pr#2013-0012_Exp#0003_Ath_Tr#00007,0,standard,C1,2944,35:153x108_R3,0
Pr#2013-0012_Exp#0003_Ath_Tr#00007,0,standard,C2,3040,67:5x172_R3,0
Pr#2013-0012_Exp#0003_Ath_Tr#00007,0,standard,C3,3007,56:24x171_R3,0
Pr#2013-0012_Exp#0003_Ath_Tr#00007,0,standard,C4,2965,42:166x25_R3,0
Pr#2013-0012_Exp#0003_Ath_Tr#00007,0,standard,C5,3016,59:33x58_R3,0
Pr#2013-0012_Exp#0003_Ath_Tr#00008,0,standard,A1,2972,45:171x143_R1,0
Pr#2013-0012_Exp#0003_Ath_Tr#00008,0,standard,A2,2966,43:168x22_R1,0
Pr#2013-0012_Exp#0003_Ath_Tr#00008,0,standard,A3,3077,80:cvixler_R1,0
Pr#2013-0012_Exp#0003_Ath_Tr#00008,0,standard,A4,2924,29:146x64_R1,0
Pr#2013-0012_Exp#0003_Ath_Tr#00008,0,standard,A5,2885,16:118x164_R1,0
Pr#2013-0012_Exp#0003_Ath_Tr#00008,0,standard,B1,3026,63:45x23_R1,0
Pr#2013-0012_Exp#0003_Ath_Tr#00008,0,standard,B2,2981,48:186x27_R1,0
Pr#2013-0012_Exp#0003_Ath_Tr#00008,0,standard,B3,3044,69:51x111_R1,0
Pr#2013-0012_Exp#0003_Ath_Tr#00008,0,standard,B4,2996,53:191x31_R1,0
Pr#2013-0012_Exp#0003_Ath_Tr#00008,0,standard,B5,3017,60:38x35_R1,0
Pr#2013-0012_Exp#0003_Ath_Tr#00008,0,standard,C1,2867,10:109x48_R1,0
Pr#2013-0012_Exp#0003_Ath_Tr#00008,0,standard,C2,2960,41:16x7_R1,0
Pr#2013-0012_Exp#0003_Ath_Tr#00008,0,standard,C3,3014,59:33x58_R1,0
Pr#2013-0012_Exp#0003_Ath_Tr#00008,0,standard,C4,2873,12:110x32_R1,0
Pr#2013-0012_Exp#0003_Ath_Tr#00008,0,standard,C5,3068,77:8x61_R1,0
Pr#2013-0012_Exp#0003_Ath_Tr#00008,0,standard,D1,2918,27:139x36_R1,0
Pr#2013-0012_Exp#0003_Ath_Tr#00008,0,standard,D2,2870,11:114x3_R1,0
Pr#2013-0012_Exp#0003_Ath_Tr#00008,0,standard,D3,2948,37:156x106_R1,0
Pr#2013-0012_Exp#0003_Ath_Tr#00008,0,standard,D4,3095,86:Cvi-1_R1,0
Pr#2013-0012_Exp#0003_Ath_Tr#00008,0,standard,D5,2978,47:180x157_R1,0
Pr#2013-0012_Exp#0003_Ath_Tr#00009,0,standard,A1,3011,58:26x74_R1,0
Pr#2013-0012_Exp#0003_Ath_Tr#00009,0,standard,A2,2888,17:12x142_R1,0
Pr#2013-0012_Exp#0003_Ath_Tr#00009,0,standard,A3,3029,64:46x29_R1,0
Pr#2013-0012_Exp#0003_Ath_Tr#00009,0,standard,A4,2840,1:Col-0_R1,0
Pr#2013-0012_Exp#0003_Ath_Tr#00009,0,standard,A5,3080,81:lerxcvi_R1,0
Pr#2013-0012_Exp#0003_Ath_Tr#00009,0,standard,B1,2939,34:152x42_R1,0
Pr#2013-0012_Exp#0003_Ath_Tr#00009,0,standard,B2,3098,87:135x142_R1,0
Pr#2013-0012_Exp#0003_Ath_Tr#00009,0,standard,B3,2894,19:125x117_R1,0
Pr#2013-0012_Exp#0003_Ath_Tr#00009,0,standard,B4,2882,15:118x108_R1,0
Pr#2013-0012_Exp#0003_Ath_Tr#00009,0,standard,B5,3047,70:51x18_R1,0
Pr#2013-0012_Exp#0003_Ath_Tr#00009,0,standard,C1,2861,8:107x121_R1,0
Pr#2013-0012_Exp#0003_Ath_Tr#00009,0,standard,C2,3023,62:44x50_R1,0
Pr#2013-0012_Exp#0003_Ath_Tr#00009,0,standard,C3,2915,26:165x137_R1,0
Pr#2013-0012_Exp#0003_Ath_Tr#00009,0,standard,C4,3005,56:24x171_R1,0
Pr#2013-0012_Exp#0003_Ath_Tr#00009,0,standard,C5,3050,71:54x183_R1,0
Pr#2013-0012_Exp#0003_Ath_Tr#00009,0,standard,D1,2897,20:128x6_R1,0
Pr#2013-0012_Exp#0003_Ath_Tr#00009,0,standard,D2,2903,22:133x35_R1,0
Pr#2013-0012_Exp#0003_Ath_Tr#00009,0,standard,D3,3104,89:Spare2_R1,0
Pr#2013-0012_Exp#0003_Ath_Tr#00009,0,standard,D4,2987,50:19x173_R1,0
Pr#2013-0012_Exp#0003_Ath_Tr#00009,0,standard,D5,2900,21:129x132_R1,0
Pr#2013-0012_Exp#0003_Ath_Tr#00010,0,standard,A1,3089,84:pgr5_R1,0
Pr#2013-0012_Exp#0003_Ath_Tr#00010,0,standard,A2,2864,9:18x109_R1,0
Pr#2013-0012_Exp#0003_Ath_Tr#00010,0,standard,A3,2993,52:190x176_R1,0
Pr#2013-0012_Exp#0003_Ath_Tr#00010,0,standard,A4,2954,39:16x4_R1,0
Pr#2013-0012_Exp#0003_Ath_Tr#00010,0,standard,A5,2951,38:119x60_R1,0
Pr#2013-0012_Exp#0003_Ath_Tr#00010,0,standard,B1,2949,37:156x106_R2,0
Pr#2013-0012_Exp#0003_Ath_Tr#00010,0,standard,B2,3072,78:ler self_R2,0
Pr#2013-0012_Exp#0003_Ath_Tr#00010,0,standard,B3,3021,61:39x27_R2,0
Pr#2013-0012_Exp#0003_Ath_Tr#00010,0,standard,B4,3024,62:44x50_R2,0
Pr#2013-0012_Exp#0003_Ath_Tr#00010,0,standard,B5,3033,65:48x160_R2,0
Pr#2013-0012_Exp#0003_Ath_Tr#00010,0,standard,C1,3075,79:ler_R2,0
Pr#2013-0012_Exp#0003_Ath_Tr#00010,0,standard,C2,2856,6:LL-1_R2,0
Pr#2013-0012_Exp#0003_Ath_Tr#00010,0,standard,C3,3012,58:26x74_R2,0
Pr#2013-0012_Exp#0003_Ath_Tr#00010,0,standard,C4,3051,71:54x183_R2,0
Pr#2013-0012_Exp#0003_Ath_Tr#00010,0,standard,C5,2934,32:149x165_R2,0
Pr#2013-0012_Exp#0003_Ath_Tr#00010,0,standard,D1,3087,83:npq4_R2,0
Pr#2013-0012_Exp#0003_Ath_Tr#00010,0,standard,D2,2976,46:174x34_R2,0
Pr#2013-0012_Exp#0003_Ath_Tr#00010,0,standard,D3,2928,30:147x50_R2,0
Pr#2013-0012_Exp#0003_Ath_Tr#00010,0,standard,D4,3060,74:6x131_R2,0
Pr#2013-0012_Exp#0003_Ath_Tr#00010,0,standard,D5,2868,10:109x48_R2,0
Pr#2013-0012_Exp#0003_Ath_Tr#00011,0,standard,A1,2913,25:136x102_R2,0
Pr#2013-0012_Exp#0003_Ath_Tr#00011,0,standard,A2,3090,84:pgr5_R2,0
Pr#2013-0012_Exp#0003_Ath_Tr#00011,0,standard,A3,3006,56:24x171_R2,0
Pr#2013-0012_Exp#0003_Ath_Tr#00011,0,standard,A4,2946,36:153x20_R2,0
Pr#2013-0012_Exp#0003_Ath_Tr#00011,0,standard,A5,2895,19:125x117_R2,0
Pr#2013-0012_Exp#0003_Ath_Tr#00011,0,standard,B1,2874,12:110x32_R2,0
Pr#2013-0012_Exp#0003_Ath_Tr#00011,0,standard,B2,2847,3:1x146_R2,0
Pr#2013-0012_Exp#0003_Ath_Tr#00011,0,standard,B3,2982,48:186x27_R2,0
Pr#2013-0012_Exp#0003_Ath_Tr#00011,0,standard,B4,3105,89:Spare2_R2,0
Pr#2013-0012_Exp#0003_Ath_Tr#00011,0,standard,B5,2907,23:134x29_R2,0
Pr#2013-0012_Exp#0003_Ath_Tr#00011,0,standard,C1,3000,54:192x189_R2,0
Pr#2013-0012_Exp#0003_Ath_Tr#00011,0,standard,C2,3015,59:33x58_R2,0
Pr#2013-0012_Exp#0003_Ath_Tr#00011,0,standard,C3,2979,47:180x157_R2,0
Pr#2013-0012_Exp#0003_Ath_Tr#00011,0,standard,C4,2898,20:128x6_R2,0
Pr#2013-0012_Exp#0003_Ath_Tr#00011,0,standard,C5,3054,72:55x18_R2,0
Pr#2013-0012_Exp#0003_Ath_Tr#00011,0,standard,D1,2952,38:119x60_R2,0
Pr#2013-0012_Exp#0003_Ath_Tr#00011,0,standard,D2,2997,53:191x31_R2,0
Pr#2013-0012_Exp#0003_Ath_Tr#00011,0,standard,D3,3108,90:Spare3_R2,0
Pr#2013-0012_Exp#0003_Ath_Tr#00011,0,standard,D4,2958,40:16x66_R2,0
Pr#2013-0012_Exp#0003_Ath_Tr#00011,0,standard,D5,2943,35:153x108_R2,0
Pr#2013-0012_Exp#0003_Ath_Tr#00012,0,standard,A1,2877,13:112x30_R2,0
Pr#2013-0012_Exp#0003_Ath_Tr#00012,0,standard,A2,2880,14:115x12_R2,0
Pr#2013-0012_Exp#0003_Ath_Tr#00012,0,standard,A3,3039,67:5x172_R2,0
Pr#2013-0012_Exp#0003_Ath_Tr#00012,0,standard,A4,2991,51:19x67_R2,0
Pr#2013-0012_Exp#0003_Ath_Tr#00012,0,standard,A5,2967,43:168x22_R2,0
Pr#2013-0012_Exp#0003_Ath_Tr#00012,0,standard,B1,2889,17:12x142_R2,0
Pr#2013-0012_Exp#0003_Ath_Tr#00012,0,standard,B2,2901,21:129x132_R2,0
Pr#2013-0012_Exp#0003_Ath_Tr#00012,0,standard,B3,2853,5:101x176_R2,0
Pr#2013-0012_Exp#0003_Ath_Tr#00012,0,standard,B4,2844,2:cvi self_R2,0
Pr#2013-0012_Exp#0003_Ath_Tr#00012,0,standard,B5,3096,86:Cvi-1_R2,0
Pr#2013-0012_Exp#0003_Ath_Tr#00012,0,standard,C1,2929,30:147x50_R3,0
Pr#2013-0012_Exp#0003_Ath_Tr#00012,0,standard,C2,2950,37:156x106_R3,0
Pr#2013-0012_Exp#0003_Ath_Tr#00012,0,standard,C3,2908,23:134x29_R3,0
Pr#2013-0012_Exp#0003_Ath_Tr#00012,0,standard,C4,3055,72:55x18_R3,0
Pr#2013-0012_Exp#0003_Ath_Tr#00012,0,standard,C5,2974,45:171x143_R3,0
Pr#2013-0012_Exp#0003_Ath_Tr#00012,0,standard,D1,2959,40:16x66_R3,0
Pr#2013-0012_Exp#0003_Ath_Tr#00012,0,standard,D2,2860,7:145x105_R3,0
Pr#2013-0012_Exp#0003_Ath_Tr#00012,0,standard,D3,2881,14:115x12_R3,0
Pr#2013-0012_Exp#0003_Ath_Tr#00012,0,standard,D4,3013,58:26x74_R3,0
Pr#2013-0012_Exp#0003_Ath_Tr#00012,0,standard,D5,3001,54:192x189_R3,0
Pr#2013-0012_Exp#0003_Ath_Tr#00013,0,standard,A1,3004,55:20x138_R3,0
Pr#2013-0012_Exp#0003_Ath_Tr#00013,0,standard,A2,2842,1:Col-0_R3,0
Pr#2013-0012_Exp#0003_Ath_Tr#00013,0,standard,A3,2905,22:133x35_R3,0
Pr#2013-0012_Exp#0003_Ath_Tr#00013,0,standard,A4,3037,66:49x158_R3,0
Pr#2013-0012_Exp#0003_Ath_Tr#00013,0,standard,A5,3091,84:pgr5_R3,0
Pr#2013-0012_Exp#0003_Ath_Tr#00013,0,standard,B1,2968,43:168x22_R3,0
Pr#2013-0012_Exp#0003_Ath_Tr#00013,0,standard,B2,2932,31:147x69_R3,0
Pr#2013-0012_Exp#0003_Ath_Tr#00013,0,standard,B3,3085,82:npq1_R3,0
Pr#2013-0012_Exp#0003_Ath_Tr#00013,0,standard,B4,3019,60:38x35_R3,0
Pr#2013-0012_Exp#0003_Ath_Tr#00013,0,standard,B5,2884,15:118x108_R3,0
Pr#2013-0012_Exp#0003_Ath_Tr#00013,0,standard,C1,2902,21:129x132_R3,0
Pr#2013-0012_Exp#0003_Ath_Tr#00013,0,standard,C2,2992,51:19x67_R3,0
Pr#2013-0012_Exp#0003_Ath_Tr#00013,0,standard,C3,2926,29:146x64_R3,0
Pr#2013-0012_Exp#0003_Ath_Tr#00013,0,standard,C4,3088,83:npq4_R3,0
Pr#2013-0012_Exp#0003_Ath_Tr#00013,0,standard,C5,2893,18:122x42_R3,0
Pr#2013-0012_Exp#0003_Ath_Tr#00013,0,standard,D1,3031,64:46x29_R3,0
Pr#2013-0012_Exp#0003_Ath_Tr#00013,0,standard,D2,3109,90:Spare3_R3,0
Pr#2013-0012_Exp#0003_Ath_Tr#00013,0,standard,D3,3028,63:45x23_R3,0
Pr#2013-0012_Exp#0003_Ath_Tr#00013,0,standard,D4,2872,11:114x3_R3,0
Pr#2013-0012_Exp#0003_Ath_Tr#00013,0,standard,D5,3064,75:61x162_R3,0
Pr#2013-0012_Exp#0003_Ath_Tr#00014,0,standard,A1,2956,39:16x4_R3,0
Pr#2013-0012_Exp#0003_Ath_Tr#00014,0,standard,A2,2869,10:109x48_R3,0
Pr#2013-0012_Exp#0003_Ath_Tr#00014,0,standard,A3,3067,76:63x151_R3,0
Pr#2013-0012_Exp#0003_Ath_Tr#00014,0,standard,A4,2971,44:17x21_R3,0
Pr#2013-0012_Exp#0003_Ath_Tr#00014,0,standard,A5,3025,62:44x50_R3,0
Pr#2013-0012_Exp#0003_Ath_Tr#00014,0,standard,B1,2851,4:10x26_R3,0
Pr#2013-0012_Exp#0003_Ath_Tr#00014,0,standard,B2,3043,68:5x188_R3,0
Pr#2013-0012_Exp#0003_Ath_Tr#00014,0,standard,B3,2953,38:119x60_R3,0
Pr#2013-0012_Exp#0003_Ath_Tr#00014,0,standard,B4,3073,78:ler self_R3,0
Pr#2013-0012_Exp#0003_Ath_Tr#00014,0,standard,B5,2854,5:101x176_R3,0
Pr#2013-0012_Exp#0003_Ath_Tr#00014,0,standard,C1,3103,88:Spare1_R3,0
Pr#2013-0012_Exp#0003_Ath_Tr#00014,0,standard,C2,3049,70:51x18_R3,0
Pr#2013-0012_Exp#0003_Ath_Tr#00014,0,standard,C3,2845,2:cvi self_R3,0
Pr#2013-0012_Exp#0003_Ath_Tr#00014,0,standard,C4,2995,52:190x176_R3,0
Pr#2013-0012_Exp#0003_Ath_Tr#00014,0,standard,C5,2923,28:14x4_R3,0
